"variables","contributions","positive"
"x_diff_ct",-0.0238772847150556,"0"
"s_diff",0.00267480793486986,"1"
"y_los_ct",-0.0105287467033597,"0"
"y_diff",0.00641622520353169,"1"
"y_diff_ct",0.00533404426097925,"1"
"x_diff",-0.0168975920192638,"0"
"a_diff",-0.00827827084049994,"0"
"o_diff",0.00727386767572526,"1"
"dir_diff_ct",-0.00305403050108932,"0"
"x_los_ct",-0.0114289187019837,"0"
"o_diff_ct",-0.00805419103313841,"0"
"dir_diff",0.000981928677903911,"1"
