"variables","contributions","positive"
"s_diff",-0.0334816305469556,"0"
"y_los_ct",0.0346385620915033,"1"
"a_diff_ct",0.0181511179910561,"1"
"x_diff",-0.00094255245958031,"0"
"x_los_ct",0.0313566563467492,"1"
"y_diff",0.0155770209838321,"1"
"a_diff",-0.0111045407636739,"0"
"dir_diff",0.015964877880977,"1"
"o_diff_ct",0.0111364293085655,"1"
"o_diff",0.00682696938424492,"1"
"o_ct",0.031394599243206,"1"
