"variables","contributions","positive"
"s_diff",0.00850362917096663,"1"
"y_los_ct",0.0177014791881665,"1"
"a_diff_ct",-0.00123649810801513,"0"
"x_diff",0.00137438940488478,"1"
"x_los_ct",0.0159403680770554,"1"
"y_diff",0.0119029067767458,"1"
"a_diff",0.00793864809081527,"1"
"dir_diff",0.0106307189542484,"1"
"o_diff_ct",0.0145898692810457,"1"
"o_diff",0.0181900412796698,"1"
"o_ct",0.0190588235294118,"1"
