"variables","contributions"
"y_los",-0.0746571538387624
"x_los",0.0559564075462029
"x_diff",0.0559564075462029
"x_s_diff",-0.00425530892668397
"y_diff",-0.00339412574869478
"o",-0.00701201114634382
"o_diff",-0.00106172127734536
"y_s_diff",0.0173535761186381
"y_a_diff",0.0186590435924538
"x_adiff",0.022309214951475
